http://localhost/articles/the-solar-eclipse-is-over-but-scientists-will-be-studying-it-for-years/512.php|trust|trust_59ee215691db4||12/06/2017 2:01:05 PM|Page View|The-Solar-Eclipse-is-Over,-But-Scientists-Will-Be-Studying-It-For-Years|Loaded
http://localhost/articles/the-solar-eclipse-is-over-but-scientists-will-be-studying-it-for-years/512.php|trust|trust_59ee215691db4||12/06/2017 2:06:55 PM|Page View|The-Solar-Eclipse-is-Over,-But-Scientists-Will-Be-Studying-It-For-Years|Loaded
http://localhost/articles/the-solar-eclipse-is-over-but-scientists-will-be-studying-it-for-years/512.php|trust|trust_5a2835655c9c6||12/06/2017 2:22:29 PM|Page View|The-Solar-Eclipse-is-Over,-But-Scientists-Will-Be-Studying-It-For-Years|Loaded
http://localhost/articles/the-solar-eclipse-is-over-but-scientists-will-be-studying-it-for-years/512.php|trust|trust_5a2835655c9c6||12/06/2017 2:31:18 PM|Comment|Add Comment|Add Comment Error
http://localhost/articles/the-solar-eclipse-is-over-but-scientists-will-be-studying-it-for-years/512.php?commenter-name=Levi|trust|trust_5a2835655c9c6||12/06/2017 2:31:22 PM|Page View|The-Solar-Eclipse-is-Over,-But-Scientists-Will-Be-Studying-It-For-Years|Loaded
http://localhost/articles/the-solar-eclipse-is-over-but-scientists-will-be-studying-it-for-years/512.php?commenter-name=Levi|trust|trust_5a2835655c9c6||12/06/2017 2:31:31 PM|Comment|Add Comment|Levi: hey
http://localhost/articles/the-solar-eclipse-is-over-but-scientists-will-be-studying-it-for-years/512.php|trust|trust_5a2835655c9c6||12/06/2017 2:34:54 PM|Page View|The-Solar-Eclipse-is-Over,-But-Scientists-Will-Be-Studying-It-For-Years|Loaded
http://localhost/articles/the-solar-eclipse-is-over-but-scientists-will-be-studying-it-for-years/512.php|trust|trust_5a2835655c9c6||12/08/2017 4:00:05 PM|Page View|The-Solar-Eclipse-is-Over,-But-Scientists-Will-Be-Studying-It-For-Years|Loaded
http://localhost/articles/the-solar-eclipse-is-over-but-scientists-will-be-studying-it-for-years/512.php|trust|trust_5a2835655c9c6||12/08/2017 4:00:38 PM|Page View|The-Solar-Eclipse-is-Over,-But-Scientists-Will-Be-Studying-It-For-Years|Loaded
http://localhost/articles/the-solar-eclipse-is-over-but-scientists-will-be-studying-it-for-years/512.php|trust|trust_5a2835655c9c6||12/08/2017 4:07:07 PM|Page View|The-Solar-Eclipse-is-Over,-But-Scientists-Will-Be-Studying-It-For-Years|Loaded
http://localhost/articles/the-solar-eclipse-is-over-but-scientists-will-be-studying-it-for-years/512.php|trust|trust_5a2835655c9c6||12/08/2017 4:20:26 PM|Page View|The-Solar-Eclipse-is-Over,-But-Scientists-Will-Be-Studying-It-For-Years|Loaded
http://localhost/articles/the-solar-eclipse-is-over-but-scientists-will-be-studying-it-for-years/512.php|trust|trust_5a2835655c9c6||12/08/2017 4:22:01 PM|Page View|The-Solar-Eclipse-is-Over,-But-Scientists-Will-Be-Studying-It-For-Years|Loaded
http://localhost/articles/the-solar-eclipse-is-over-but-scientists-will-be-studying-it-for-years/512.php|trust|trust_5a2835655c9c6||12/08/2017 4:23:17 PM|Page View|The-Solar-Eclipse-is-Over,-But-Scientists-Will-Be-Studying-It-For-Years|Loaded
http://localhost/articles/the-solar-eclipse-is-over-but-scientists-will-be-studying-it-for-years/512.php|trust|trust_5a2835655c9c6||12/08/2017 4:28:06 PM|Page View|The-Solar-Eclipse-is-Over,-But-Scientists-Will-Be-Studying-It-For-Years|Loaded
http://localhost/articles/the-solar-eclipse-is-over-but-scientists-will-be-studying-it-for-years/512.php|trust|trust_5a2835655c9c6||12/08/2017 4:30:05 PM|Page View|The-Solar-Eclipse-is-Over,-But-Scientists-Will-Be-Studying-It-For-Years|Loaded
http://localhost/articles/the-solar-eclipse-is-over-but-scientists-will-be-studying-it-for-years/512.php|trust|trust_5a2835655c9c6||12/08/2017 4:30:10 PM|Page View|The-Solar-Eclipse-is-Over,-But-Scientists-Will-Be-Studying-It-For-Years|Loaded
http://localhost/articles/the-solar-eclipse-is-over-but-scientists-will-be-studying-it-for-years/512.php|trust|trust_5a2835655c9c6||12/08/2017 4:30:12 PM|Page View|The-Solar-Eclipse-is-Over,-But-Scientists-Will-Be-Studying-It-For-Years|Loaded
http://localhost/articles/the-solar-eclipse-is-over-but-scientists-will-be-studying-it-for-years/512.php|trust|trust_5a2835655c9c6||12/08/2017 4:42:59 PM|Page View|The-Solar-Eclipse-is-Over,-But-Scientists-Will-Be-Studying-It-For-Years|Loaded
http://localhost/articles/the-solar-eclipse-is-over-but-scientists-will-be-studying-it-for-years/512.php|trust|trust_5a31431610572||12/13/2017 11:11:18 AM|Page View|The-Solar-Eclipse-is-Over,-But-Scientists-Will-Be-Studying-It-For-Years|Loaded
http://localhost/articles/the-solar-eclipse-is-over-but-scientists-will-be-studying-it-for-years/512.php|trust|trust_5a31431610572||12/13/2017 11:15:38 AM|Page View|The-Solar-Eclipse-is-Over,-But-Scientists-Will-Be-Studying-It-For-Years|Loaded
http://localhost/articles/the-solar-eclipse-is-over-but-scientists-will-be-studying-it-for-years/512.php|trust|trust_5a31431610572||12/13/2017 11:15:45 AM|Page View|The-Solar-Eclipse-is-Over,-But-Scientists-Will-Be-Studying-It-For-Years|Loaded
http://localhost/articles/the-solar-eclipse-is-over-but-scientists-will-be-studying-it-for-years/512.php|trust|trust_5a31431610572||12/13/2017 11:15:53 AM|Page View|The-Solar-Eclipse-is-Over,-But-Scientists-Will-Be-Studying-It-For-Years|Loaded
http://localhost/articles/the-solar-eclipse-is-over-but-scientists-will-be-studying-it-for-years/512.php|trust|trust_5a31431610572||12/13/2017 11:18:09 AM|Page View|The-Solar-Eclipse-is-Over,-But-Scientists-Will-Be-Studying-It-For-Years|Loaded
http://localhost/articles/the-solar-eclipse-is-over-but-scientists-will-be-studying-it-for-years/512.php|trust|trust_5a31431610572||12/13/2017 11:19:17 AM|Page View|The-Solar-Eclipse-is-Over,-But-Scientists-Will-Be-Studying-It-For-Years|Loaded
http://localhost/articles/the-solar-eclipse-is-over-but-scientists-will-be-studying-it-for-years/512.php|trust|trust_5a31431610572||12/13/2017 11:19:19 AM|Page View|The-Solar-Eclipse-is-Over,-But-Scientists-Will-Be-Studying-It-For-Years|Loaded
http://localhost/articles/the-solar-eclipse-is-over-but-scientists-will-be-studying-it-for-years/512.php|trust|trust_5a31431610572||12/13/2017 11:19:21 AM|Page View|The-Solar-Eclipse-is-Over,-But-Scientists-Will-Be-Studying-It-For-Years|Loaded
http://localhost/articles/the-solar-eclipse-is-over-but-scientists-will-be-studying-it-for-years/512.php|trust|trust_5a31431610572||12/13/2017 11:28:45 AM|Page View|The-Solar-Eclipse-is-Over,-But-Scientists-Will-Be-Studying-It-For-Years|Loaded
http://localhost/articles/the-solar-eclipse-is-over-but-scientists-will-be-studying-it-for-years/512.php|trust|trust_5a31431610572||12/13/2017 11:28:54 AM|Page View|The-Solar-Eclipse-is-Over,-But-Scientists-Will-Be-Studying-It-For-Years|Loaded
http://localhost/articles/the-solar-eclipse-is-over-but-scientists-will-be-studying-it-for-years/512.php|trust|trust_5a31431610572||12/13/2017 11:30:18 AM|Page View|The-Solar-Eclipse-is-Over,-But-Scientists-Will-Be-Studying-It-For-Years|Loaded
http://localhost/articles/the-solar-eclipse-is-over-but-scientists-will-be-studying-it-for-years/512.php|trust|trust_5a31431610572||12/13/2017 11:31:34 AM|Page View|The-Solar-Eclipse-is-Over,-But-Scientists-Will-Be-Studying-It-For-Years|Loaded
http://localhost/articles/the-solar-eclipse-is-over-but-scientists-will-be-studying-it-for-years/512.php|trust|trust_5a31431610572||12/13/2017 11:31:35 AM|Page View|The-Solar-Eclipse-is-Over,-But-Scientists-Will-Be-Studying-It-For-Years|Loaded
http://localhost/articles/the-solar-eclipse-is-over-but-scientists-will-be-studying-it-for-years/512.php|trust|trust_5a31431610572||12/13/2017 11:31:36 AM|Page View|The-Solar-Eclipse-is-Over,-But-Scientists-Will-Be-Studying-It-For-Years|Loaded
http://localhost/articles/the-solar-eclipse-is-over-but-scientists-will-be-studying-it-for-years/512.php|trust|trust_5a31431610572||12/13/2017 11:31:47 AM|Page View|The-Solar-Eclipse-is-Over,-But-Scientists-Will-Be-Studying-It-For-Years|Loaded
http://localhost/articles/the-solar-eclipse-is-over-but-scientists-will-be-studying-it-for-years/512.php|trust|trust_5a31431610572||12/13/2017 11:31:48 AM|Page View|The-Solar-Eclipse-is-Over,-But-Scientists-Will-Be-Studying-It-For-Years|Loaded
http://localhost/articles/the-solar-eclipse-is-over-but-scientists-will-be-studying-it-for-years/512.php|trust|trust_5a31431610572||12/13/2017 11:32:21 AM|Page View|The-Solar-Eclipse-is-Over,-But-Scientists-Will-Be-Studying-It-For-Years|Loaded
http://localhost/articles/the-solar-eclipse-is-over-but-scientists-will-be-studying-it-for-years/512.php|trust|trust_5a31431610572||12/13/2017 11:32:21 AM|Page View|The-Solar-Eclipse-is-Over,-But-Scientists-Will-Be-Studying-It-For-Years|Loaded
http://localhost/articles/the-solar-eclipse-is-over-but-scientists-will-be-studying-it-for-years/512.php|trust|trust_5a31431610572||12/13/2017 11:32:26 AM|Page View|The-Solar-Eclipse-is-Over,-But-Scientists-Will-Be-Studying-It-For-Years|Loaded
http://localhost/articles/the-solar-eclipse-is-over-but-scientists-will-be-studying-it-for-years/512.php|trust|trust_5a31431610572||12/13/2017 11:32:56 AM|Page View|The-Solar-Eclipse-is-Over,-But-Scientists-Will-Be-Studying-It-For-Years|Loaded
http://localhost/articles/the-solar-eclipse-is-over-but-scientists-will-be-studying-it-for-years/512.php|trust|trust_5a31431610572||12/13/2017 11:32:58 AM|Page View|The-Solar-Eclipse-is-Over,-But-Scientists-Will-Be-Studying-It-For-Years|Loaded
http://localhost/articles/the-solar-eclipse-is-over-but-scientists-will-be-studying-it-for-years/512.php|trust|trust_5a31431610572||12/13/2017 11:33:13 AM|Page View|The-Solar-Eclipse-is-Over,-But-Scientists-Will-Be-Studying-It-For-Years|Loaded
http://localhost/articles/the-solar-eclipse-is-over-but-scientists-will-be-studying-it-for-years/512.php|trust|trust_5a31431610572||12/13/2017 11:33:44 AM|Page View|The-Solar-Eclipse-is-Over,-But-Scientists-Will-Be-Studying-It-For-Years|Loaded
http://localhost/articles/the-solar-eclipse-is-over-but-scientists-will-be-studying-it-for-years/512.php|trust|trust_5a31431610572||12/13/2017 11:33:47 AM|Page View|The-Solar-Eclipse-is-Over,-But-Scientists-Will-Be-Studying-It-For-Years|Loaded
http://localhost/articles/the-solar-eclipse-is-over-but-scientists-will-be-studying-it-for-years/512.php|trust|trust_5a31431610572||12/13/2017 11:33:51 AM|Page View|The-Solar-Eclipse-is-Over,-But-Scientists-Will-Be-Studying-It-For-Years|Loaded
http://localhost/articles/the-solar-eclipse-is-over-but-scientists-will-be-studying-it-for-years/512.php|trust|trust_5a31431610572||12/13/2017 11:33:56 AM|Page View|The-Solar-Eclipse-is-Over,-But-Scientists-Will-Be-Studying-It-For-Years|Loaded
http://localhost/articles/the-solar-eclipse-is-over-but-scientists-will-be-studying-it-for-years/512.php|trust|trust_5a31431610572||12/13/2017 11:34:01 AM|Page View|The-Solar-Eclipse-is-Over,-But-Scientists-Will-Be-Studying-It-For-Years|Loaded
http://localhost/articles/the-solar-eclipse-is-over-but-scientists-will-be-studying-it-for-years/512.php|trust|trust_5a31431610572||12/13/2017 11:34:04 AM|Page View|The-Solar-Eclipse-is-Over,-But-Scientists-Will-Be-Studying-It-For-Years|Loaded
http://localhost/articles/the-solar-eclipse-is-over-but-scientists-will-be-studying-it-for-years/512.php|trust|trust_5a31431610572||12/13/2017 11:34:23 AM|Page View|The-Solar-Eclipse-is-Over,-But-Scientists-Will-Be-Studying-It-For-Years|Loaded
http://localhost/articles/the-solar-eclipse-is-over-but-scientists-will-be-studying-it-for-years/512.php|trust|trust_5a31431610572||12/13/2017 11:34:35 AM|Page View|The-Solar-Eclipse-is-Over,-But-Scientists-Will-Be-Studying-It-For-Years|Loaded
http://localhost/articles/the-solar-eclipse-is-over-but-scientists-will-be-studying-it-for-years/512.php|trust|trust_5a31431610572||12/13/2017 11:34:41 AM|Page View|The-Solar-Eclipse-is-Over,-But-Scientists-Will-Be-Studying-It-For-Years|Loaded
http://localhost/articles/the-solar-eclipse-is-over-but-scientists-will-be-studying-it-for-years/512.php|trust|trust_5a31431610572||12/13/2017 11:38:19 AM|Page View|The-Solar-Eclipse-is-Over,-But-Scientists-Will-Be-Studying-It-For-Years|Loaded
http://localhost/articles/the-solar-eclipse-is-over-but-scientists-will-be-studying-it-for-years/index.php|trust|trust_5a31431610572||12/13/2017 11:39:21 AM|Page View|The-Solar-Eclipse-is-Over,-But-Scientists-Will-Be-Studying-It-For-Years|Loaded
http://localhost/articles/the-solar-eclipse-is-over-but-scientists-will-be-studying-it-for-years/index.php|trust|trust_5a31431610572||12/13/2017 11:39:29 AM|click|Article Type|Opened
http://localhost/articles/the-solar-eclipse-is-over-but-scientists-will-be-studying-it-for-years/index.php|trust|trust_5a31431610572||12/13/2017 11:39:30 AM|click|Article Type|Closed
http://localhost/articles/the-solar-eclipse-is-over-but-scientists-will-be-studying-it-for-years/index.php|trust|trust_5a31431610572||12/13/2017 11:39:42 AM|Page View|The-Solar-Eclipse-is-Over,-But-Scientists-Will-Be-Studying-It-For-Years|Loaded
http://localhost/articles/the-solar-eclipse-is-over-but-scientists-will-be-studying-it-for-years/index.php|trust|trust_5a31431610572||12/13/2017 11:39:54 AM|Page View|The-Solar-Eclipse-is-Over,-But-Scientists-Will-Be-Studying-It-For-Years|Loaded
http://localhost/articles/the-solar-eclipse-is-over-but-scientists-will-be-studying-it-for-years/index.php|trust|trust_5a31431610572||12/13/2017 11:39:59 AM|Page View|The-Solar-Eclipse-is-Over,-But-Scientists-Will-Be-Studying-It-For-Years|Loaded
http://localhost/articles/the-solar-eclipse-is-over-but-scientists-will-be-studying-it-for-years/index.php|trust|trust_5a31431610572||12/13/2017 11:40:02 AM|Page View|The-Solar-Eclipse-is-Over,-But-Scientists-Will-Be-Studying-It-For-Years|Loaded
http://localhost/articles/the-solar-eclipse-is-over-but-scientists-will-be-studying-it-for-years/index.php|trust|trust_5a31431610572||12/13/2017 11:40:43 AM|Page View|The-Solar-Eclipse-is-Over,-But-Scientists-Will-Be-Studying-It-For-Years|Loaded
http://localhost/articles/the-solar-eclipse-is-over-but-scientists-will-be-studying-it-for-years/index.php|trust|trust_5a31431610572||12/13/2017 11:46:30 AM|Page View|The-Solar-Eclipse-is-Over,-But-Scientists-Will-Be-Studying-It-For-Years|Loaded
http://localhost/articles/the-solar-eclipse-is-over-but-scientists-will-be-studying-it-for-years/index.php|trust|trust_5a31431610572||12/13/2017 11:46:31 AM|Page View|The-Solar-Eclipse-is-Over,-But-Scientists-Will-Be-Studying-It-For-Years|Loaded
http://localhost/articles/the-solar-eclipse-is-over-but-scientists-will-be-studying-it-for-years/index.php|trust|trust_5a31431610572||12/13/2017 11:46:51 AM|Page View|The-Solar-Eclipse-is-Over,-But-Scientists-Will-Be-Studying-It-For-Years|Loaded
http://localhost/articles/the-solar-eclipse-is-over-but-scientists-will-be-studying-it-for-years/index.php|trust|trust_5a31431610572||12/13/2017 11:46:53 AM|Page View|The-Solar-Eclipse-is-Over,-But-Scientists-Will-Be-Studying-It-For-Years|Loaded
http://localhost/articles/the-solar-eclipse-is-over-but-scientists-will-be-studying-it-for-years/index.php|trust|trust_5a31431610572||12/13/2017 11:47:28 AM|Page View|The-Solar-Eclipse-is-Over,-But-Scientists-Will-Be-Studying-It-For-Years|Loaded
http://localhost/articles/the-solar-eclipse-is-over-but-scientists-will-be-studying-it-for-years/index.php|trust|trust_5a31431610572||12/13/2017 11:48:17 AM|Page View|The-Solar-Eclipse-is-Over,-But-Scientists-Will-Be-Studying-It-For-Years|Loaded
http://localhost/articles/the-solar-eclipse-is-over-but-scientists-will-be-studying-it-for-years/index.php|trust|trust_5a31431610572||12/13/2017 11:48:18 AM|Page View|The-Solar-Eclipse-is-Over,-But-Scientists-Will-Be-Studying-It-For-Years|Loaded
http://localhost/articles/the-solar-eclipse-is-over-but-scientists-will-be-studying-it-for-years/index.php|trust|trust_5a31431610572||12/13/2017 11:48:21 AM|Page View|The-Solar-Eclipse-is-Over,-But-Scientists-Will-Be-Studying-It-For-Years|Loaded
http://localhost/articles/the-solar-eclipse-is-over-but-scientists-will-be-studying-it-for-years/index.php|trust|trust_5a31431610572||12/13/2017 11:49:28 AM|Page View|The-Solar-Eclipse-is-Over,-But-Scientists-Will-Be-Studying-It-For-Years|Loaded
http://localhost/articles/the-solar-eclipse-is-over-but-scientists-will-be-studying-it-for-years/index.php|trust|trust_5a31431610572||12/13/2017 11:49:29 AM|Page View|The-Solar-Eclipse-is-Over,-But-Scientists-Will-Be-Studying-It-For-Years|Loaded
http://localhost/articles/the-solar-eclipse-is-over-but-scientists-will-be-studying-it-for-years/index.php|trust|trust_5a31431610572||12/13/2017 11:49:36 AM|Page View|The-Solar-Eclipse-is-Over,-But-Scientists-Will-Be-Studying-It-For-Years|Loaded
http://localhost/articles/the-solar-eclipse-is-over-but-scientists-will-be-studying-it-for-years/index.php|trust|trust_5a31431610572||12/13/2017 11:50:17 AM|Page View|The-Solar-Eclipse-is-Over,-But-Scientists-Will-Be-Studying-It-For-Years|Loaded
http://localhost/articles/the-solar-eclipse-is-over-but-scientists-will-be-studying-it-for-years/index.php|trust|trust_5a31431610572||12/13/2017 11:50:41 AM|Page View|The-Solar-Eclipse-is-Over,-But-Scientists-Will-Be-Studying-It-For-Years|Loaded
http://localhost/articles/the-solar-eclipse-is-over-but-scientists-will-be-studying-it-for-years/index.php|trust|trust_5a31431610572||12/13/2017 11:50:42 AM|Page View|The-Solar-Eclipse-is-Over,-But-Scientists-Will-Be-Studying-It-For-Years|Loaded
http://localhost/articles/the-solar-eclipse-is-over-but-scientists-will-be-studying-it-for-years/index.php|trust|trust_5a31431610572||12/13/2017 11:50:59 AM|Page View|The-Solar-Eclipse-is-Over,-But-Scientists-Will-Be-Studying-It-For-Years|Loaded
http://localhost/articles/the-solar-eclipse-is-over-but-scientists-will-be-studying-it-for-years/index.php|trust|trust_5a31431610572||12/13/2017 11:52:55 AM|Page View|The-Solar-Eclipse-is-Over,-But-Scientists-Will-Be-Studying-It-For-Years|Loaded
http://localhost/articles/the-solar-eclipse-is-over-but-scientists-will-be-studying-it-for-years/index.php|trust|trust_5a31431610572||12/13/2017 11:53:03 AM|Page View|The-Solar-Eclipse-is-Over,-But-Scientists-Will-Be-Studying-It-For-Years|Loaded
http://localhost/articles/the-solar-eclipse-is-over-but-scientists-will-be-studying-it-for-years/index.php|trust|trust_5a31431610572||12/13/2017 11:53:09 AM|Page View|The-Solar-Eclipse-is-Over,-But-Scientists-Will-Be-Studying-It-For-Years|Loaded
http://localhost/articles/the-solar-eclipse-is-over-but-scientists-will-be-studying-it-for-years/index.php|trust|trust_5a31431610572||12/13/2017 11:53:42 AM|Page View|The-Solar-Eclipse-is-Over,-But-Scientists-Will-Be-Studying-It-For-Years|Loaded
http://localhost/articles/the-solar-eclipse-is-over-but-scientists-will-be-studying-it-for-years/index.php|trust|trust_5a31431610572||12/13/2017 11:55:59 AM|Page View|The-Solar-Eclipse-is-Over,-But-Scientists-Will-Be-Studying-It-For-Years|Loaded
http://localhost/articles/the-solar-eclipse-is-over-but-scientists-will-be-studying-it-for-years/index.php|trust|trust_5a31431610572||12/13/2017 11:56:00 AM|Page View|The-Solar-Eclipse-is-Over,-But-Scientists-Will-Be-Studying-It-For-Years|Loaded
http://localhost/articles/the-solar-eclipse-is-over-but-scientists-will-be-studying-it-for-years/index.php|trust|trust_5a31431610572||12/13/2017 11:56:01 AM|click|Link: Download CSV|#
http://localhost/articles/the-solar-eclipse-is-over-but-scientists-will-be-studying-it-for-years/index.php#|trust|trust_5a31431610572||12/13/2017 11:56:22 AM|click|Link: Download CSV|#
http://localhost/articles/the-solar-eclipse-is-over-but-scientists-will-be-studying-it-for-years/index.php#|trust|trust_5a31431610572||12/13/2017 11:56:51 AM|Page View|The-Solar-Eclipse-is-Over,-But-Scientists-Will-Be-Studying-It-For-Years|Loaded
http://localhost/articles/the-solar-eclipse-is-over-but-scientists-will-be-studying-it-for-years/index.php#|trust|trust_5a31431610572||12/13/2017 11:56:56 AM|Page View|The-Solar-Eclipse-is-Over,-But-Scientists-Will-Be-Studying-It-For-Years|Loaded
http://localhost/articles/the-solar-eclipse-is-over-but-scientists-will-be-studying-it-for-years/index.php#|trust|trust_5a31431610572||12/13/2017 11:56:57 AM|Page View|The-Solar-Eclipse-is-Over,-But-Scientists-Will-Be-Studying-It-For-Years|Loaded
http://localhost/articles/the-solar-eclipse-is-over-but-scientists-will-be-studying-it-for-years/index.php#|trust|trust_5a31431610572||12/13/2017 11:57:05 AM|Page View|The-Solar-Eclipse-is-Over,-But-Scientists-Will-Be-Studying-It-For-Years|Loaded
http://localhost/articles/the-solar-eclipse-is-over-but-scientists-will-be-studying-it-for-years/index.php#|trust|trust_5a31431610572||12/13/2017 11:57:09 AM|Page View|The-Solar-Eclipse-is-Over,-But-Scientists-Will-Be-Studying-It-For-Years|Loaded
http://localhost/articles/the-solar-eclipse-is-over-but-scientists-will-be-studying-it-for-years/index.php#|trust|trust_5a31431610572||12/13/2017 11:57:10 AM|Page View|The-Solar-Eclipse-is-Over,-But-Scientists-Will-Be-Studying-It-For-Years|Loaded
http://localhost/articles/the-solar-eclipse-is-over-but-scientists-will-be-studying-it-for-years/index.php#|trust|trust_5a31431610572||12/13/2017 11:57:11 AM|Page View|The-Solar-Eclipse-is-Over,-But-Scientists-Will-Be-Studying-It-For-Years|Loaded
http://localhost/articles/the-solar-eclipse-is-over-but-scientists-will-be-studying-it-for-years/index.php#|trust|trust_5a31431610572||12/13/2017 11:57:18 AM|Page View|The-Solar-Eclipse-is-Over,-But-Scientists-Will-Be-Studying-It-For-Years|Loaded
http://localhost/articles/the-solar-eclipse-is-over-but-scientists-will-be-studying-it-for-years/index.php#|trust|trust_5a31431610572||12/13/2017 11:57:20 AM|Page View|The-Solar-Eclipse-is-Over,-But-Scientists-Will-Be-Studying-It-For-Years|Loaded
http://localhost/articles/the-solar-eclipse-is-over-but-scientists-will-be-studying-it-for-years/index.php#|trust|trust_5a31431610572||12/13/2017 11:57:22 AM|Page View|The-Solar-Eclipse-is-Over,-But-Scientists-Will-Be-Studying-It-For-Years|Loaded
http://localhost/articles/the-solar-eclipse-is-over-but-scientists-will-be-studying-it-for-years/index.php#|trust|trust_5a31431610572||12/13/2017 11:58:02 AM|Page View|The-Solar-Eclipse-is-Over,-But-Scientists-Will-Be-Studying-It-For-Years|Loaded
http://localhost/articles/the-solar-eclipse-is-over-but-scientists-will-be-studying-it-for-years/index.php#|trust|trust_5a31431610572||12/13/2017 11:58:03 AM|Page View|The-Solar-Eclipse-is-Over,-But-Scientists-Will-Be-Studying-It-For-Years|Loaded
http://localhost/articles/the-solar-eclipse-is-over-but-scientists-will-be-studying-it-for-years/index.php#|trust|trust_5a31431610572||12/13/2017 11:59:06 AM|Page View|The-Solar-Eclipse-is-Over,-But-Scientists-Will-Be-Studying-It-For-Years|Loaded
http://localhost/articles/the-solar-eclipse-is-over-but-scientists-will-be-studying-it-for-years/index.php#|trust|trust_5a31431610572||12/13/2017 11:59:12 AM|Page View|The-Solar-Eclipse-is-Over,-But-Scientists-Will-Be-Studying-It-For-Years|Loaded
http://localhost/articles/the-solar-eclipse-is-over-but-scientists-will-be-studying-it-for-years/index.php#|trust|trust_5a31431610572||12/13/2017 11:59:18 AM|click|Link: Download CSV|#
http://localhost/articles/the-solar-eclipse-is-over-but-scientists-will-be-studying-it-for-years/index.php#|trust|trust_5a31431610572||12/13/2017 11:59:55 AM|Page View|The-Solar-Eclipse-is-Over,-But-Scientists-Will-Be-Studying-It-For-Years|Loaded
http://localhost/articles/the-solar-eclipse-is-over-but-scientists-will-be-studying-it-for-years/index.php#|trust|trust_5a31431610572||12/13/2017 12:00:15 PM|Page View|The-Solar-Eclipse-is-Over,-But-Scientists-Will-Be-Studying-It-For-Years|Loaded
http://localhost/articles/the-solar-eclipse-is-over-but-scientists-will-be-studying-it-for-years/index.php#|trust|trust_5a31431610572||12/13/2017 12:00:21 PM|Page View|The-Solar-Eclipse-is-Over,-But-Scientists-Will-Be-Studying-It-For-Years|Loaded
http://localhost/articles/the-solar-eclipse-is-over-but-scientists-will-be-studying-it-for-years/index.php#|trust|trust_5a31431610572||12/13/2017 12:00:29 PM|Page View|The-Solar-Eclipse-is-Over,-But-Scientists-Will-Be-Studying-It-For-Years|Loaded
http://localhost/articles/the-solar-eclipse-is-over-but-scientists-will-be-studying-it-for-years/index.php#|trust|trust_5a31431610572||12/13/2017 12:00:38 PM|Page View|The-Solar-Eclipse-is-Over,-But-Scientists-Will-Be-Studying-It-For-Years|Loaded
http://localhost/articles/the-solar-eclipse-is-over-but-scientists-will-be-studying-it-for-years/index.php#|trust|trust_5a31431610572||12/13/2017 12:01:01 PM|Page View|The-Solar-Eclipse-is-Over,-But-Scientists-Will-Be-Studying-It-For-Years|Loaded
http://localhost/articles/the-solar-eclipse-is-over-but-scientists-will-be-studying-it-for-years/index.php#|trust|trust_5a31431610572||12/13/2017 12:01:11 PM|Page View|The-Solar-Eclipse-is-Over,-But-Scientists-Will-Be-Studying-It-For-Years|Loaded
http://localhost/articles/the-solar-eclipse-is-over-but-scientists-will-be-studying-it-for-years/index.php#|trust|trust_5a31431610572||12/13/2017 12:01:18 PM|Page View|The-Solar-Eclipse-is-Over,-But-Scientists-Will-Be-Studying-It-For-Years|Loaded
http://localhost/articles/the-solar-eclipse-is-over-but-scientists-will-be-studying-it-for-years/index.php#|trust|trust_5a31431610572||12/13/2017 12:01:20 PM|Page View|The-Solar-Eclipse-is-Over,-But-Scientists-Will-Be-Studying-It-For-Years|Loaded
http://localhost/articles/the-solar-eclipse-is-over-but-scientists-will-be-studying-it-for-years/index.php#|trust|trust_5a31431610572||12/13/2017 12:01:26 PM|click|Link: Download CSV|#
http://localhost/articles/the-solar-eclipse-is-over-but-scientists-will-be-studying-it-for-years/index.php#|trust|trust_5a31431610572||12/13/2017 12:01:35 PM|Page View|The-Solar-Eclipse-is-Over,-But-Scientists-Will-Be-Studying-It-For-Years|Loaded
http://localhost/articles/the-solar-eclipse-is-over-but-scientists-will-be-studying-it-for-years/index.php#|trust|trust_5a31431610572||12/13/2017 12:01:36 PM|click|Link: Download CSV|#
http://localhost/articles/the-solar-eclipse-is-over-but-scientists-will-be-studying-it-for-years/index.php#|trust|trust_5a31431610572||12/13/2017 12:02:03 PM|Page View|The-Solar-Eclipse-is-Over,-But-Scientists-Will-Be-Studying-It-For-Years|Loaded
http://localhost/articles/the-solar-eclipse-is-over-but-scientists-will-be-studying-it-for-years/index.php#|trust|trust_5a31431610572||12/13/2017 12:02:04 PM|Page View|The-Solar-Eclipse-is-Over,-But-Scientists-Will-Be-Studying-It-For-Years|Loaded
http://localhost/articles/the-solar-eclipse-is-over-but-scientists-will-be-studying-it-for-years/index.php#|trust|trust_5a31431610572||12/13/2017 12:02:09 PM|Page View|The-Solar-Eclipse-is-Over,-But-Scientists-Will-Be-Studying-It-For-Years|Loaded
http://localhost/articles/the-solar-eclipse-is-over-but-scientists-will-be-studying-it-for-years/index.php#|trust|trust_5a31431610572||12/13/2017 12:02:10 PM|click|Link: Download CSV|#
http://localhost/articles/the-solar-eclipse-is-over-but-scientists-will-be-studying-it-for-years/index.php#|trust|trust_5a31431610572||12/13/2017 12:02:48 PM|Page View|The-Solar-Eclipse-is-Over,-But-Scientists-Will-Be-Studying-It-For-Years|Loaded
http://localhost/articles/the-solar-eclipse-is-over-but-scientists-will-be-studying-it-for-years/index.php#|trust|trust_5a31431610572||12/13/2017 12:11:59 PM|Page View|The-Solar-Eclipse-is-Over,-But-Scientists-Will-Be-Studying-It-For-Years|Loaded
http://localhost/articles/the-solar-eclipse-is-over-but-scientists-will-be-studying-it-for-years/index.php#|trust|trust_5a31431610572||12/13/2017 12:15:55 PM|Page View|The-Solar-Eclipse-is-Over,-But-Scientists-Will-Be-Studying-It-For-Years|Loaded
http://localhost/articles/the-solar-eclipse-is-over-but-scientists-will-be-studying-it-for-years/index.php#|trust|trust_5a31431610572||12/13/2017 12:19:01 PM|Page View|The-Solar-Eclipse-is-Over,-But-Scientists-Will-Be-Studying-It-For-Years|Loaded
http://localhost/articles/the-solar-eclipse-is-over-but-scientists-will-be-studying-it-for-years/index.php#|trust|trust_5a31431610572||12/13/2017 12:19:15 PM|Page View|The-Solar-Eclipse-is-Over,-But-Scientists-Will-Be-Studying-It-For-Years|Loaded
http://localhost/articles/the-solar-eclipse-is-over-but-scientists-will-be-studying-it-for-years/index.php#|trust|trust_5a31431610572||12/13/2017 12:19:17 PM|Page View|The-Solar-Eclipse-is-Over,-But-Scientists-Will-Be-Studying-It-For-Years|Loaded
http://localhost/articles/the-solar-eclipse-is-over-but-scientists-will-be-studying-it-for-years/index.php#|trust|trust_5a31431610572||12/13/2017 12:19:22 PM|click|Link: Download CSV|#
http://localhost/articles/the-solar-eclipse-is-over-but-scientists-will-be-studying-it-for-years/index.php#|trust|trust_5a31431610572||12/13/2017 12:19:50 PM|Page View|The-Solar-Eclipse-is-Over,-But-Scientists-Will-Be-Studying-It-For-Years|Loaded
http://localhost/articles/the-solar-eclipse-is-over-but-scientists-will-be-studying-it-for-years/index.php#|trust|trust_5a31431610572||12/13/2017 12:19:54 PM|Page View|The-Solar-Eclipse-is-Over,-But-Scientists-Will-Be-Studying-It-For-Years|Loaded
http://localhost/articles/the-solar-eclipse-is-over-but-scientists-will-be-studying-it-for-years/index.php#|trust|trust_5a31431610572||12/13/2017 12:19:56 PM|Page View|The-Solar-Eclipse-is-Over,-But-Scientists-Will-Be-Studying-It-For-Years|Loaded
http://localhost/articles/the-solar-eclipse-is-over-but-scientists-will-be-studying-it-for-years/index.php#|trust|trust_5a31431610572||12/13/2017 12:20:01 PM|click|Link: Download CSV|#
http://localhost/articles/the-solar-eclipse-is-over-but-scientists-will-be-studying-it-for-years/index.php#|trust|trust_5a31431610572||12/13/2017 12:20:11 PM|Page View|The-Solar-Eclipse-is-Over,-But-Scientists-Will-Be-Studying-It-For-Years|Loaded
http://localhost/articles/the-solar-eclipse-is-over-but-scientists-will-be-studying-it-for-years/index.php#|trust|trust_5a31431610572||12/13/2017 12:20:15 PM|click|Link: Download CSV|#
http://localhost/articles/the-solar-eclipse-is-over-but-scientists-will-be-studying-it-for-years/index.php#|trust|trust_5a31431610572||12/13/2017 12:39:48 PM|Page View|The-Solar-Eclipse-is-Over,-But-Scientists-Will-Be-Studying-It-For-Years|Loaded
http://localhost/articles/the-solar-eclipse-is-over-but-scientists-will-be-studying-it-for-years/index.php#|trust|trust_5a31431610572||12/13/2017 12:39:50 PM|Page View|The-Solar-Eclipse-is-Over,-But-Scientists-Will-Be-Studying-It-For-Years|Loaded
http://localhost/articles/the-solar-eclipse-is-over-but-scientists-will-be-studying-it-for-years/index.php#|trust|trust_5a31431610572||12/13/2017 12:40:01 PM|click|Link: Download CSV|#
http://localhost/articles/the-solar-eclipse-is-over-but-scientists-will-be-studying-it-for-years/index.php#|trust|trust_5a31431610572||12/13/2017 12:40:03 PM|click|Link: Download CSV|#
http://localhost/articles/the-solar-eclipse-is-over-but-scientists-will-be-studying-it-for-years/index.php#|trust|trust_5a31431610572||12/13/2017 12:40:03 PM|click|Link: Download CSV|#
http://localhost/articles/the-solar-eclipse-is-over-but-scientists-will-be-studying-it-for-years/index.php#|trust|trust_5a31431610572||12/13/2017 12:40:05 PM|click|Link: Download CSV|#
http://localhost/articles/the-solar-eclipse-is-over-but-scientists-will-be-studying-it-for-years/index.php#|trust|trust_5a31431610572||12/13/2017 12:40:05 PM|click|Link: Download CSV|#
http://localhost/articles/the-solar-eclipse-is-over-but-scientists-will-be-studying-it-for-years/index.php#|trust|trust_5a31431610572||12/13/2017 12:40:05 PM|click|Link: Download CSV|#
http://localhost/articles/the-solar-eclipse-is-over-but-scientists-will-be-studying-it-for-years/index.php#|trust|trust_5a31431610572||12/13/2017 12:40:05 PM|click|Link: Download CSV|#
http://localhost/articles/the-solar-eclipse-is-over-but-scientists-will-be-studying-it-for-years/index.php#|trust|trust_5a31431610572||12/13/2017 12:40:05 PM|click|Link: Download CSV|#
http://localhost/articles/the-solar-eclipse-is-over-but-scientists-will-be-studying-it-for-years/index.php#|trust|trust_5a31431610572||12/13/2017 12:40:06 PM|click|Link: Download CSV|#
http://localhost/articles/the-solar-eclipse-is-over-but-scientists-will-be-studying-it-for-years/index.php#|trust|trust_5a31431610572||12/13/2017 12:40:06 PM|click|Link: Download CSV|#
http://localhost/articles/the-solar-eclipse-is-over-but-scientists-will-be-studying-it-for-years/index.php#|trust|trust_5a31431610572||12/13/2017 12:40:06 PM|click|Link: Download CSV|#
http://localhost/articles/the-solar-eclipse-is-over-but-scientists-will-be-studying-it-for-years/index.php#|trust|trust_5a31431610572||12/13/2017 12:41:05 PM|Page View|The-Solar-Eclipse-is-Over,-But-Scientists-Will-Be-Studying-It-For-Years|Loaded
http://localhost/articles/the-solar-eclipse-is-over-but-scientists-will-be-studying-it-for-years/index.php#|trust|trust_5a31431610572||12/13/2017 12:41:23 PM|Page View|The-Solar-Eclipse-is-Over,-But-Scientists-Will-Be-Studying-It-For-Years|Loaded
http://localhost/articles/the-solar-eclipse-is-over-but-scientists-will-be-studying-it-for-years/index.php#|trust|trust_5a31431610572||12/13/2017 12:41:24 PM|Page View|The-Solar-Eclipse-is-Over,-But-Scientists-Will-Be-Studying-It-For-Years|Loaded
http://localhost/articles/the-solar-eclipse-is-over-but-scientists-will-be-studying-it-for-years/index.php#|trust|trust_5a31431610572||12/13/2017 12:41:33 PM|click|Link: Download CSV|#
http://localhost/articles/the-solar-eclipse-is-over-but-scientists-will-be-studying-it-for-years/index.php#|trust|trust_5a31431610572||12/13/2017 12:41:57 PM|Page View|The-Solar-Eclipse-is-Over,-But-Scientists-Will-Be-Studying-It-For-Years|Loaded
http://localhost/articles/the-solar-eclipse-is-over-but-scientists-will-be-studying-it-for-years/index.php#|trust|trust_5a31431610572||12/13/2017 12:41:58 PM|Page View|The-Solar-Eclipse-is-Over,-But-Scientists-Will-Be-Studying-It-For-Years|Loaded
http://localhost/articles/the-solar-eclipse-is-over-but-scientists-will-be-studying-it-for-years/index.php#|trust|trust_5a31431610572||12/13/2017 12:42:27 PM|Page View|The-Solar-Eclipse-is-Over,-But-Scientists-Will-Be-Studying-It-For-Years|Loaded
http://localhost/articles/the-solar-eclipse-is-over-but-scientists-will-be-studying-it-for-years/index.php#|trust|trust_5a31431610572||12/13/2017 12:42:37 PM|Page View|The-Solar-Eclipse-is-Over,-But-Scientists-Will-Be-Studying-It-For-Years|Loaded
http://localhost/articles/the-solar-eclipse-is-over-but-scientists-will-be-studying-it-for-years/index.php#|trust|trust_5a31431610572||12/13/2017 12:42:39 PM|Page View|The-Solar-Eclipse-is-Over,-But-Scientists-Will-Be-Studying-It-For-Years|Loaded
http://localhost/articles/the-solar-eclipse-is-over-but-scientists-will-be-studying-it-for-years/index.php#|trust|trust_5a31431610572||12/13/2017 12:42:50 PM|click|Link: Download CSV|#
http://localhost/articles/the-solar-eclipse-is-over-but-scientists-will-be-studying-it-for-years/index.php#|trust|trust_5a31431610572||12/13/2017 12:43:00 PM|Page View|The-Solar-Eclipse-is-Over,-But-Scientists-Will-Be-Studying-It-For-Years|Loaded
http://localhost/articles/the-solar-eclipse-is-over-but-scientists-will-be-studying-it-for-years/index.php#|trust|trust_5a31431610572||12/13/2017 12:43:10 PM|Page View|The-Solar-Eclipse-is-Over,-But-Scientists-Will-Be-Studying-It-For-Years|Loaded
http://localhost/articles/the-solar-eclipse-is-over-but-scientists-will-be-studying-it-for-years/index.php#|trust|trust_5a31431610572||12/13/2017 12:43:43 PM|Page View|The-Solar-Eclipse-is-Over,-But-Scientists-Will-Be-Studying-It-For-Years|Loaded
http://localhost/articles/the-solar-eclipse-is-over-but-scientists-will-be-studying-it-for-years/index.php#|trust|trust_5a31431610572||12/13/2017 12:43:44 PM|Page View|The-Solar-Eclipse-is-Over,-But-Scientists-Will-Be-Studying-It-For-Years|Loaded
http://localhost/articles/the-solar-eclipse-is-over-but-scientists-will-be-studying-it-for-years/index.php#|trust|trust_5a31431610572||12/13/2017 12:43:48 PM|click|Link: Download CSV|#
http://localhost/articles/the-solar-eclipse-is-over-but-scientists-will-be-studying-it-for-years/index.php#|trust|trust_5a31431610572||12/13/2017 12:44:34 PM|Page View|The-Solar-Eclipse-is-Over,-But-Scientists-Will-Be-Studying-It-For-Years|Loaded
http://localhost/articles/the-solar-eclipse-is-over-but-scientists-will-be-studying-it-for-years/index.php#|trust|trust_5a31431610572||12/13/2017 12:44:36 PM|Page View|The-Solar-Eclipse-is-Over,-But-Scientists-Will-Be-Studying-It-For-Years|Loaded
http://localhost/articles/the-solar-eclipse-is-over-but-scientists-will-be-studying-it-for-years/index.php#|trust|trust_5a31431610572||12/13/2017 12:44:42 PM|click|Link: Download CSV|#
http://localhost/articles/the-solar-eclipse-is-over-but-scientists-will-be-studying-it-for-years/index.php#|trust|trust_5a31431610572||12/13/2017 12:48:50 PM|Page View|The-Solar-Eclipse-is-Over,-But-Scientists-Will-Be-Studying-It-For-Years|Loaded
http://localhost/articles/the-solar-eclipse-is-over-but-scientists-will-be-studying-it-for-years/index.php#|trust|trust_5a31431610572||12/13/2017 12:48:51 PM|Page View|The-Solar-Eclipse-is-Over,-But-Scientists-Will-Be-Studying-It-For-Years|Loaded
http://localhost/articles/the-solar-eclipse-is-over-but-scientists-will-be-studying-it-for-years/index.php#|trust|trust_5a31431610572||12/13/2017 12:49:24 PM|Page View|The-Solar-Eclipse-is-Over,-But-Scientists-Will-Be-Studying-It-For-Years|Loaded
http://localhost/articles/the-solar-eclipse-is-over-but-scientists-will-be-studying-it-for-years/index.php#|trust|trust_5a31431610572||12/13/2017 12:49:27 PM|Page View|The-Solar-Eclipse-is-Over,-But-Scientists-Will-Be-Studying-It-For-Years|Loaded
http://localhost/articles/the-solar-eclipse-is-over-but-scientists-will-be-studying-it-for-years/index.php#|trust|trust_5a31431610572||12/13/2017 12:50:01 PM|Page View|The-Solar-Eclipse-is-Over,-But-Scientists-Will-Be-Studying-It-For-Years|Loaded
http://localhost/articles/the-solar-eclipse-is-over-but-scientists-will-be-studying-it-for-years/index.php#|trust|trust_5a31431610572||12/13/2017 12:50:04 PM|Page View|The-Solar-Eclipse-is-Over,-But-Scientists-Will-Be-Studying-It-For-Years|Loaded
http://localhost/articles/the-solar-eclipse-is-over-but-scientists-will-be-studying-it-for-years/index.php#|trust|trust_5a31431610572||12/13/2017 12:50:06 PM|Page View|The-Solar-Eclipse-is-Over,-But-Scientists-Will-Be-Studying-It-For-Years|Loaded
http://localhost/articles/the-solar-eclipse-is-over-but-scientists-will-be-studying-it-for-years/index.php#|trust|trust_5a31431610572||12/13/2017 12:50:07 PM|Page View|The-Solar-Eclipse-is-Over,-But-Scientists-Will-Be-Studying-It-For-Years|Loaded
http://localhost/articles/the-solar-eclipse-is-over-but-scientists-will-be-studying-it-for-years/index.php#|trust|trust_5a31431610572||12/13/2017 12:50:36 PM|Page View|The-Solar-Eclipse-is-Over,-But-Scientists-Will-Be-Studying-It-For-Years|Loaded
http://localhost/articles/the-solar-eclipse-is-over-but-scientists-will-be-studying-it-for-years/index.php#|trust|trust_5a31431610572||12/13/2017 12:50:38 PM|Page View|The-Solar-Eclipse-is-Over,-But-Scientists-Will-Be-Studying-It-For-Years|Loaded
http://localhost/articles/the-solar-eclipse-is-over-but-scientists-will-be-studying-it-for-years/index.php#|trust|trust_5a31431610572||12/13/2017 12:50:56 PM|Page View|The-Solar-Eclipse-is-Over,-But-Scientists-Will-Be-Studying-It-For-Years|Loaded
http://localhost/articles/the-solar-eclipse-is-over-but-scientists-will-be-studying-it-for-years/index.php#|trust|trust_5a31431610572||12/13/2017 12:51:02 PM|Page View|The-Solar-Eclipse-is-Over,-But-Scientists-Will-Be-Studying-It-For-Years|Loaded
http://localhost/articles/the-solar-eclipse-is-over-but-scientists-will-be-studying-it-for-years/index.php#|trust|trust_5a31431610572||12/13/2017 12:51:04 PM|Page View|The-Solar-Eclipse-is-Over,-But-Scientists-Will-Be-Studying-It-For-Years|Loaded
http://localhost/articles/the-solar-eclipse-is-over-but-scientists-will-be-studying-it-for-years/index.php#|trust|trust_5a31431610572||12/13/2017 12:51:08 PM|Page View|The-Solar-Eclipse-is-Over,-But-Scientists-Will-Be-Studying-It-For-Years|Loaded
http://localhost/articles/the-solar-eclipse-is-over-but-scientists-will-be-studying-it-for-years/index.php#|trust|trust_5a31431610572||12/13/2017 12:51:10 PM|Page View|The-Solar-Eclipse-is-Over,-But-Scientists-Will-Be-Studying-It-For-Years|Loaded
http://localhost/articles/the-solar-eclipse-is-over-but-scientists-will-be-studying-it-for-years/index.php#|trust|trust_5a31431610572||12/13/2017 12:51:38 PM|Page View|The-Solar-Eclipse-is-Over,-But-Scientists-Will-Be-Studying-It-For-Years|Loaded
http://localhost/articles/the-solar-eclipse-is-over-but-scientists-will-be-studying-it-for-years/index.php#|trust|trust_5a31431610572||12/13/2017 12:51:44 PM|Page View|The-Solar-Eclipse-is-Over,-But-Scientists-Will-Be-Studying-It-For-Years|Loaded
http://localhost/articles/the-solar-eclipse-is-over-but-scientists-will-be-studying-it-for-years/index.php#|trust|trust_5a31431610572||12/13/2017 12:51:50 PM|Page View|The-Solar-Eclipse-is-Over,-But-Scientists-Will-Be-Studying-It-For-Years|Loaded
http://localhost/articles/the-solar-eclipse-is-over-but-scientists-will-be-studying-it-for-years/index.php#|trust|trust_5a31431610572||12/13/2017 12:51:51 PM|Page View|The-Solar-Eclipse-is-Over,-But-Scientists-Will-Be-Studying-It-For-Years|Loaded
http://localhost/articles/the-solar-eclipse-is-over-but-scientists-will-be-studying-it-for-years/index.php#|trust|trust_5a31431610572||12/13/2017 12:52:10 PM|click|Link: Download CSV|#
http://localhost/articles/the-solar-eclipse-is-over-but-scientists-will-be-studying-it-for-years/index.php#|trust|trust_5a31431610572||12/13/2017 1:05:24 PM|Page View|The-Solar-Eclipse-is-Over,-But-Scientists-Will-Be-Studying-It-For-Years|Loaded
http://localhost/articles/the-solar-eclipse-is-over-but-scientists-will-be-studying-it-for-years/index.php#|trust|trust_5a31431610572||12/13/2017 1:07:51 PM|Page View|The-Solar-Eclipse-is-Over,-But-Scientists-Will-Be-Studying-It-For-Years|Loaded
http://localhost/articles/the-solar-eclipse-is-over-but-scientists-will-be-studying-it-for-years/index.php#|trust|trust_5a31431610572||12/13/2017 1:07:56 PM|Page View|The-Solar-Eclipse-is-Over,-But-Scientists-Will-Be-Studying-It-For-Years|Loaded
http://localhost/articles/the-solar-eclipse-is-over-but-scientists-will-be-studying-it-for-years/index.php#|trust|trust_5a31431610572||12/13/2017 1:08:11 PM|Page View|The-Solar-Eclipse-is-Over,-But-Scientists-Will-Be-Studying-It-For-Years|Loaded
http://localhost/articles/the-solar-eclipse-is-over-but-scientists-will-be-studying-it-for-years/index.php#|trust|trust_5a31431610572||12/13/2017 1:08:25 PM|Page View|The-Solar-Eclipse-is-Over,-But-Scientists-Will-Be-Studying-It-For-Years|Loaded
http://localhost/articles/the-solar-eclipse-is-over-but-scientists-will-be-studying-it-for-years/index.php#|trust|trust_5a31431610572||12/13/2017 1:09:08 PM|Page View|The-Solar-Eclipse-is-Over,-But-Scientists-Will-Be-Studying-It-For-Years|Loaded
http://localhost/articles/the-solar-eclipse-is-over-but-scientists-will-be-studying-it-for-years/index.php#|trust|trust_5a31431610572||12/13/2017 1:09:11 PM|Page View|The-Solar-Eclipse-is-Over,-But-Scientists-Will-Be-Studying-It-For-Years|Loaded
http://localhost/articles/the-solar-eclipse-is-over-but-scientists-will-be-studying-it-for-years/index.php#|trust|trust_5a31431610572||12/13/2017 1:10:43 PM|Page View|The-Solar-Eclipse-is-Over,-But-Scientists-Will-Be-Studying-It-For-Years|Loaded
http://localhost/articles/the-solar-eclipse-is-over-but-scientists-will-be-studying-it-for-years/index.php#|trust|trust_5a31431610572||12/13/2017 1:10:47 PM|Page View|The-Solar-Eclipse-is-Over,-But-Scientists-Will-Be-Studying-It-For-Years|Loaded
http://localhost/articles/the-solar-eclipse-is-over-but-scientists-will-be-studying-it-for-years/index.php#|trust|trust_5a31431610572||12/13/2017 1:11:02 PM|Page View|The-Solar-Eclipse-is-Over,-But-Scientists-Will-Be-Studying-It-For-Years|Loaded
http://localhost/articles/the-solar-eclipse-is-over-but-scientists-will-be-studying-it-for-years/index.php#|trust|trust_5a31431610572||12/13/2017 1:11:03 PM|Page View|The-Solar-Eclipse-is-Over,-But-Scientists-Will-Be-Studying-It-For-Years|Loaded
http://localhost/articles/the-solar-eclipse-is-over-but-scientists-will-be-studying-it-for-years/index.php#|trust|trust_5a31431610572||12/13/2017 1:11:26 PM|Page View|The-Solar-Eclipse-is-Over,-But-Scientists-Will-Be-Studying-It-For-Years|Loaded
http://localhost/articles/the-solar-eclipse-is-over-but-scientists-will-be-studying-it-for-years/index.php#|trust|trust_5a31431610572||12/13/2017 1:12:55 PM|Page View|The-Solar-Eclipse-is-Over,-But-Scientists-Will-Be-Studying-It-For-Years|Loaded
http://localhost/articles/the-solar-eclipse-is-over-but-scientists-will-be-studying-it-for-years/index.php#|trust|trust_5a31431610572||12/13/2017 1:12:57 PM|Page View|The-Solar-Eclipse-is-Over,-But-Scientists-Will-Be-Studying-It-For-Years|Loaded
http://localhost/articles/the-solar-eclipse-is-over-but-scientists-will-be-studying-it-for-years/index.php#|trust|trust_5a31431610572||12/13/2017 1:13:35 PM|Page View|The-Solar-Eclipse-is-Over,-But-Scientists-Will-Be-Studying-It-For-Years|Loaded
http://localhost/articles/the-solar-eclipse-is-over-but-scientists-will-be-studying-it-for-years/index.php#|trust|trust_5a31431610572||12/13/2017 1:13:36 PM|Page View|The-Solar-Eclipse-is-Over,-But-Scientists-Will-Be-Studying-It-For-Years|Loaded
http://localhost/articles/the-solar-eclipse-is-over-but-scientists-will-be-studying-it-for-years/index.php#|trust|trust_5a31431610572||12/13/2017 1:14:09 PM|Page View|The-Solar-Eclipse-is-Over,-But-Scientists-Will-Be-Studying-It-For-Years|Loaded
http://localhost/articles/the-solar-eclipse-is-over-but-scientists-will-be-studying-it-for-years/index.php#|trust|trust_5a31431610572||12/13/2017 1:14:10 PM|Page View|The-Solar-Eclipse-is-Over,-But-Scientists-Will-Be-Studying-It-For-Years|Loaded
http://localhost/articles/the-solar-eclipse-is-over-but-scientists-will-be-studying-it-for-years/index.php#|trust|trust_5a31431610572||12/13/2017 1:14:31 PM|Page View|The-Solar-Eclipse-is-Over,-But-Scientists-Will-Be-Studying-It-For-Years|Loaded
http://localhost/articles/the-solar-eclipse-is-over-but-scientists-will-be-studying-it-for-years/index.php#|trust|trust_5a31431610572||12/13/2017 1:14:32 PM|Page View|The-Solar-Eclipse-is-Over,-But-Scientists-Will-Be-Studying-It-For-Years|Loaded
http://localhost/articles/the-solar-eclipse-is-over-but-scientists-will-be-studying-it-for-years/index.php#|trust|trust_5a31431610572||12/13/2017 1:15:32 PM|Page View|The-Solar-Eclipse-is-Over,-But-Scientists-Will-Be-Studying-It-For-Years|Loaded
http://localhost/articles/the-solar-eclipse-is-over-but-scientists-will-be-studying-it-for-years/index.php#|trust|trust_5a31431610572||12/13/2017 1:15:44 PM|Page View|The-Solar-Eclipse-is-Over,-But-Scientists-Will-Be-Studying-It-For-Years|Loaded
http://localhost/articles/the-solar-eclipse-is-over-but-scientists-will-be-studying-it-for-years/index.php#|trust|trust_5a31431610572||12/13/2017 1:15:58 PM|click|Link: Download CSV|#
http://localhost/articles/the-solar-eclipse-is-over-but-scientists-will-be-studying-it-for-years/index.php#|trust|trust_5a31431610572||12/13/2017 1:19:23 PM|Page View|The-Solar-Eclipse-is-Over,-But-Scientists-Will-Be-Studying-It-For-Years|Loaded
http://localhost/articles/the-solar-eclipse-is-over-but-scientists-will-be-studying-it-for-years/index.php#|trust|trust_5a31431610572||12/13/2017 1:19:25 PM|Page View|The-Solar-Eclipse-is-Over,-But-Scientists-Will-Be-Studying-It-For-Years|Loaded
http://localhost/articles/the-solar-eclipse-is-over-but-scientists-will-be-studying-it-for-years/index.php#|trust|trust_5a31431610572||12/13/2017 1:19:42 PM|click|Link: Download CSV|#
http://localhost/articles/the-solar-eclipse-is-over-but-scientists-will-be-studying-it-for-years/index.php#|trust|trust_5a31431610572||12/13/2017 1:20:55 PM|Page View|The-Solar-Eclipse-is-Over,-But-Scientists-Will-Be-Studying-It-For-Years|Loaded
http://localhost/articles/the-solar-eclipse-is-over-but-scientists-will-be-studying-it-for-years/index.php#|trust|trust_5a31431610572||12/13/2017 1:20:56 PM|Page View|The-Solar-Eclipse-is-Over,-But-Scientists-Will-Be-Studying-It-For-Years|Loaded
http://localhost/articles/the-solar-eclipse-is-over-but-scientists-will-be-studying-it-for-years/index.php#|trust|trust_5a31431610572||12/13/2017 1:21:07 PM|Page View|The-Solar-Eclipse-is-Over,-But-Scientists-Will-Be-Studying-It-For-Years|Loaded
http://localhost/articles/the-solar-eclipse-is-over-but-scientists-will-be-studying-it-for-years/index.php#|trust|trust_5a31431610572||12/13/2017 1:21:20 PM|click|Link: Download CSV|#
http://localhost/articles/the-solar-eclipse-is-over-but-scientists-will-be-studying-it-for-years/index.php#|trust|trust_5a31431610572||12/13/2017 1:22:29 PM|Page View|The-Solar-Eclipse-is-Over,-But-Scientists-Will-Be-Studying-It-For-Years|Loaded
http://localhost/articles/the-solar-eclipse-is-over-but-scientists-will-be-studying-it-for-years/index.php#|trust|trust_5a31431610572||12/13/2017 1:22:36 PM|Page View|The-Solar-Eclipse-is-Over,-But-Scientists-Will-Be-Studying-It-For-Years|Loaded
http://localhost/articles/the-solar-eclipse-is-over-but-scientists-will-be-studying-it-for-years/index.php#|trust|trust_5a31431610572||12/13/2017 1:22:41 PM|Page View|The-Solar-Eclipse-is-Over,-But-Scientists-Will-Be-Studying-It-For-Years|Loaded
http://localhost/articles/the-solar-eclipse-is-over-but-scientists-will-be-studying-it-for-years/index.php#|trust|trust_5a31431610572||12/13/2017 1:22:43 PM|Page View|The-Solar-Eclipse-is-Over,-But-Scientists-Will-Be-Studying-It-For-Years|Loaded
http://localhost/articles/the-solar-eclipse-is-over-but-scientists-will-be-studying-it-for-years/index.php#|trust|trust_5a31431610572||12/13/2017 1:22:54 PM|click|Link: Download CSV|#
http://localhost/articles/the-solar-eclipse-is-over-but-scientists-will-be-studying-it-for-years/index.php#|trust|trust_5a31431610572||12/13/2017 1:24:08 PM|Page View|The-Solar-Eclipse-is-Over,-But-Scientists-Will-Be-Studying-It-For-Years|Loaded
http://localhost/articles/the-solar-eclipse-is-over-but-scientists-will-be-studying-it-for-years/index.php#|trust|trust_5a31431610572||12/13/2017 1:24:11 PM|Page View|The-Solar-Eclipse-is-Over,-But-Scientists-Will-Be-Studying-It-For-Years|Loaded
http://localhost/articles/the-solar-eclipse-is-over-but-scientists-will-be-studying-it-for-years/index.php#|trust|trust_5a31431610572||12/13/2017 1:24:23 PM|click|Link: Download CSV|#
http://localhost/articles/the-solar-eclipse-is-over-but-scientists-will-be-studying-it-for-years/index.php#|trust|trust_5a31431610572||12/13/2017 1:24:40 PM|Page View|The-Solar-Eclipse-is-Over,-But-Scientists-Will-Be-Studying-It-For-Years|Loaded
http://localhost/articles/the-solar-eclipse-is-over-but-scientists-will-be-studying-it-for-years/index.php#|trust|trust_5a31431610572||12/13/2017 1:25:09 PM|Page View|The-Solar-Eclipse-is-Over,-But-Scientists-Will-Be-Studying-It-For-Years|Loaded
http://localhost/articles/the-solar-eclipse-is-over-but-scientists-will-be-studying-it-for-years/index.php#|trust|trust_5a31431610572||12/13/2017 1:25:11 PM|Page View|The-Solar-Eclipse-is-Over,-But-Scientists-Will-Be-Studying-It-For-Years|Loaded
http://localhost/articles/the-solar-eclipse-is-over-but-scientists-will-be-studying-it-for-years/index.php#|trust|trust_5a31431610572||12/13/2017 1:25:29 PM|click|Link: Download CSV|#
http://localhost/articles/the-solar-eclipse-is-over-but-scientists-will-be-studying-it-for-years/index.php#|trust|trust_5a31431610572||12/13/2017 1:26:57 PM|Page View|The-Solar-Eclipse-is-Over,-But-Scientists-Will-Be-Studying-It-For-Years|Loaded
http://localhost/articles/the-solar-eclipse-is-over-but-scientists-will-be-studying-it-for-years/index.php#|trust|trust_5a31431610572||12/13/2017 1:27:00 PM|Page View|The-Solar-Eclipse-is-Over,-But-Scientists-Will-Be-Studying-It-For-Years|Loaded
http://localhost/articles/the-solar-eclipse-is-over-but-scientists-will-be-studying-it-for-years/index.php#|trust|trust_5a31431610572||12/13/2017 1:27:10 PM|Page View|The-Solar-Eclipse-is-Over,-But-Scientists-Will-Be-Studying-It-For-Years|Loaded
http://localhost/articles/the-solar-eclipse-is-over-but-scientists-will-be-studying-it-for-years/index.php#|trust|trust_5a31431610572||12/13/2017 1:27:49 PM|click|Link: Download CSV|#
http://localhost/articles/the-solar-eclipse-is-over-but-scientists-will-be-studying-it-for-years/index.php#|trust|trust_5a31431610572||12/13/2017 1:28:18 PM|Page View|The-Solar-Eclipse-is-Over,-But-Scientists-Will-Be-Studying-It-For-Years|Loaded
http://localhost/articles/the-solar-eclipse-is-over-but-scientists-will-be-studying-it-for-years/index.php#|trust|trust_5a31431610572||12/13/2017 1:30:41 PM|Page View|The-Solar-Eclipse-is-Over,-But-Scientists-Will-Be-Studying-It-For-Years|Loaded
http://localhost/articles/the-solar-eclipse-is-over-but-scientists-will-be-studying-it-for-years/index.php#|trust|trust_5a31431610572||12/13/2017 1:33:34 PM|Page View|The-Solar-Eclipse-is-Over,-But-Scientists-Will-Be-Studying-It-For-Years|Loaded
http://localhost/articles/the-solar-eclipse-is-over-but-scientists-will-be-studying-it-for-years/index.php#|trust|trust_5a31431610572||12/13/2017 1:33:56 PM|Page View|The-Solar-Eclipse-is-Over,-But-Scientists-Will-Be-Studying-It-For-Years|Loaded
http://localhost/articles/the-solar-eclipse-is-over-but-scientists-will-be-studying-it-for-years/index.php#|trust|trust_5a31431610572||12/13/2017 1:34:23 PM|click|Link: Download CSV|#
http://localhost/articles/the-solar-eclipse-is-over-but-scientists-will-be-studying-it-for-years/index.php#|trust|trust_5a31431610572||12/13/2017 1:35:44 PM|Page View|The-Solar-Eclipse-is-Over,-But-Scientists-Will-Be-Studying-It-For-Years|Loaded
http://localhost/articles/the-solar-eclipse-is-over-but-scientists-will-be-studying-it-for-years/index.php#|trust|trust_5a31431610572||12/13/2017 1:35:58 PM|Page View|The-Solar-Eclipse-is-Over,-But-Scientists-Will-Be-Studying-It-For-Years|Loaded
http://localhost/articles/the-solar-eclipse-is-over-but-scientists-will-be-studying-it-for-years/index.php#|trust|trust_5a31431610572||12/13/2017 1:36:05 PM|Page View|The-Solar-Eclipse-is-Over,-But-Scientists-Will-Be-Studying-It-For-Years|Loaded
http://localhost/articles/the-solar-eclipse-is-over-but-scientists-will-be-studying-it-for-years/index.php#|trust|trust_5a31431610572||12/13/2017 1:36:10 PM|Page View|The-Solar-Eclipse-is-Over,-But-Scientists-Will-Be-Studying-It-For-Years|Loaded
http://localhost/articles/the-solar-eclipse-is-over-but-scientists-will-be-studying-it-for-years/index.php#|trust|trust_5a31431610572||12/13/2017 1:37:05 PM|Page View|The-Solar-Eclipse-is-Over,-But-Scientists-Will-Be-Studying-It-For-Years|Loaded
http://localhost/articles/the-solar-eclipse-is-over-but-scientists-will-be-studying-it-for-years/index.php#|trust|trust_5a31431610572||12/13/2017 1:37:07 PM|Page View|The-Solar-Eclipse-is-Over,-But-Scientists-Will-Be-Studying-It-For-Years|Loaded
http://localhost/articles/the-solar-eclipse-is-over-but-scientists-will-be-studying-it-for-years/index.php#|trust|trust_5a31431610572||12/13/2017 1:37:09 PM|Page View|The-Solar-Eclipse-is-Over,-But-Scientists-Will-Be-Studying-It-For-Years|Loaded
http://localhost/articles/the-solar-eclipse-is-over-but-scientists-will-be-studying-it-for-years/index.php#|trust|trust_5a31431610572||12/13/2017 1:38:07 PM|Page View|The-Solar-Eclipse-is-Over,-But-Scientists-Will-Be-Studying-It-For-Years|Loaded
http://localhost/articles/the-solar-eclipse-is-over-but-scientists-will-be-studying-it-for-years/index.php#|trust|trust_5a31431610572||12/13/2017 1:38:10 PM|Page View|The-Solar-Eclipse-is-Over,-But-Scientists-Will-Be-Studying-It-For-Years|Loaded
http://localhost/articles/the-solar-eclipse-is-over-but-scientists-will-be-studying-it-for-years/index.php#|trust|trust_5a31431610572||12/13/2017 1:39:23 PM|Page View|The-Solar-Eclipse-is-Over,-But-Scientists-Will-Be-Studying-It-For-Years|Loaded
http://localhost/articles/the-solar-eclipse-is-over-but-scientists-will-be-studying-it-for-years/index.php#|trust|trust_5a31431610572||12/13/2017 1:39:37 PM|Page View|The-Solar-Eclipse-is-Over,-But-Scientists-Will-Be-Studying-It-For-Years|Loaded
http://localhost/articles/the-solar-eclipse-is-over-but-scientists-will-be-studying-it-for-years/index.php#|trust|trust_5a31431610572||12/13/2017 1:39:42 PM|Page View|The-Solar-Eclipse-is-Over,-But-Scientists-Will-Be-Studying-It-For-Years|Loaded
http://localhost/articles/the-solar-eclipse-is-over-but-scientists-will-be-studying-it-for-years/index.php#|trust|trust_5a31431610572||12/13/2017 1:39:47 PM|Page View|The-Solar-Eclipse-is-Over,-But-Scientists-Will-Be-Studying-It-For-Years|Loaded
http://localhost/articles/the-solar-eclipse-is-over-but-scientists-will-be-studying-it-for-years/index.php#|trust|trust_5a31431610572||12/13/2017 1:40:02 PM|click|Link: Download CSV|#
http://localhost/articles/the-solar-eclipse-is-over-but-scientists-will-be-studying-it-for-years/index.php#|trust|trust_5a31431610572||12/13/2017 1:40:44 PM|click|Link: Download CSV|#
http://localhost/articles/the-solar-eclipse-is-over-but-scientists-will-be-studying-it-for-years/index.php#|trust|trust_5a31431610572||12/13/2017 1:44:46 PM|Page View|The-Solar-Eclipse-is-Over,-But-Scientists-Will-Be-Studying-It-For-Years|Loaded
http://localhost/articles/the-solar-eclipse-is-over-but-scientists-will-be-studying-it-for-years/index.php#|trust|trust_5a31431610572||12/13/2017 1:45:04 PM|click|Link: Download CSV|#
http://localhost/articles/the-solar-eclipse-is-over-but-scientists-will-be-studying-it-for-years/index.php#|trust|trust_5a31431610572||12/13/2017 1:47:09 PM|Page View|The-Solar-Eclipse-is-Over,-But-Scientists-Will-Be-Studying-It-For-Years|Loaded
http://localhost/articles/the-solar-eclipse-is-over-but-scientists-will-be-studying-it-for-years/index.php#|trust|trust_5a31431610572||12/13/2017 1:47:10 PM|Page View|The-Solar-Eclipse-is-Over,-But-Scientists-Will-Be-Studying-It-For-Years|Loaded
http://localhost/articles/the-solar-eclipse-is-over-but-scientists-will-be-studying-it-for-years/index.php#|trust|trust_5a31431610572||12/13/2017 1:48:11 PM|Page View|The-Solar-Eclipse-is-Over,-But-Scientists-Will-Be-Studying-It-For-Years|Loaded
http://localhost/articles/the-solar-eclipse-is-over-but-scientists-will-be-studying-it-for-years/index.php#|trust|trust_5a31431610572||12/13/2017 1:48:38 PM|Page View|The-Solar-Eclipse-is-Over,-But-Scientists-Will-Be-Studying-It-For-Years|Loaded
http://localhost/articles/the-solar-eclipse-is-over-but-scientists-will-be-studying-it-for-years/index.php#|trust|trust_5a31431610572||12/13/2017 1:48:42 PM|Page View|The-Solar-Eclipse-is-Over,-But-Scientists-Will-Be-Studying-It-For-Years|Loaded
http://localhost/articles/the-solar-eclipse-is-over-but-scientists-will-be-studying-it-for-years/index.php#|trust|trust_5a31431610572||12/13/2017 1:48:46 PM|Page View|The-Solar-Eclipse-is-Over,-But-Scientists-Will-Be-Studying-It-For-Years|Loaded
http://localhost/articles/the-solar-eclipse-is-over-but-scientists-will-be-studying-it-for-years/index.php#|trust|trust_5a31431610572||12/13/2017 1:49:18 PM|Page View|The-Solar-Eclipse-is-Over,-But-Scientists-Will-Be-Studying-It-For-Years|Loaded
http://localhost/articles/the-solar-eclipse-is-over-but-scientists-will-be-studying-it-for-years/index.php#|trust|trust_5a31431610572||12/13/2017 1:49:50 PM|Page View|The-Solar-Eclipse-is-Over,-But-Scientists-Will-Be-Studying-It-For-Years|Loaded
http://localhost/articles/the-solar-eclipse-is-over-but-scientists-will-be-studying-it-for-years/index.php#|trust|trust_5a31431610572||12/13/2017 1:50:17 PM|click|Link: Download CSV|#
http://localhost/articles/the-solar-eclipse-is-over-but-scientists-will-be-studying-it-for-years/index.php#|trust|trust_5a31431610572||12/13/2017 1:51:55 PM|Page View|The-Solar-Eclipse-is-Over,-But-Scientists-Will-Be-Studying-It-For-Years|Loaded
http://localhost/articles/the-solar-eclipse-is-over-but-scientists-will-be-studying-it-for-years/index.php#|trust|trust_5a31431610572||12/13/2017 1:52:02 PM|Page View|The-Solar-Eclipse-is-Over,-But-Scientists-Will-Be-Studying-It-For-Years|Loaded
http://localhost/articles/the-solar-eclipse-is-over-but-scientists-will-be-studying-it-for-years/index.php#|trust|trust_5a31431610572||12/13/2017 1:52:03 PM|Page View|The-Solar-Eclipse-is-Over,-But-Scientists-Will-Be-Studying-It-For-Years|Loaded
http://localhost/articles/the-solar-eclipse-is-over-but-scientists-will-be-studying-it-for-years/index.php#|trust|trust_5a31431610572||12/13/2017 1:52:04 PM|click|Link: Download CSV|#
http://localhost/articles/the-solar-eclipse-is-over-but-scientists-will-be-studying-it-for-years/index.php#|trust|trust_5a31431610572||12/13/2017 1:53:55 PM|Page View|The-Solar-Eclipse-is-Over,-But-Scientists-Will-Be-Studying-It-For-Years|Loaded
http://localhost/articles/the-solar-eclipse-is-over-but-scientists-will-be-studying-it-for-years/index.php#|trust|trust_5a31431610572||12/13/2017 1:54:18 PM|Page View|The-Solar-Eclipse-is-Over,-But-Scientists-Will-Be-Studying-It-For-Years|Loaded
http://localhost/articles/the-solar-eclipse-is-over-but-scientists-will-be-studying-it-for-years/index.php#|trust|trust_5a31431610572||12/13/2017 1:54:25 PM|Page View|The-Solar-Eclipse-is-Over,-But-Scientists-Will-Be-Studying-It-For-Years|Loaded
http://localhost/articles/the-solar-eclipse-is-over-but-scientists-will-be-studying-it-for-years/index.php#|trust|trust_5a31431610572||12/13/2017 1:54:28 PM|Page View|The-Solar-Eclipse-is-Over,-But-Scientists-Will-Be-Studying-It-For-Years|Loaded
http://localhost/articles/the-solar-eclipse-is-over-but-scientists-will-be-studying-it-for-years/index.php#|trust|trust_5a31431610572||12/13/2017 1:54:35 PM|Page View|The-Solar-Eclipse-is-Over,-But-Scientists-Will-Be-Studying-It-For-Years|Loaded
http://localhost/articles/the-solar-eclipse-is-over-but-scientists-will-be-studying-it-for-years/index.php#|trust|trust_5a31431610572||12/13/2017 1:54:38 PM|click|Link: Download CSV|#
http://localhost/articles/the-solar-eclipse-is-over-but-scientists-will-be-studying-it-for-years/index.php#|trust|trust_5a31431610572||12/13/2017 1:54:43 PM|Page View|The-Solar-Eclipse-is-Over,-But-Scientists-Will-Be-Studying-It-For-Years|Loaded
http://localhost/articles/the-solar-eclipse-is-over-but-scientists-will-be-studying-it-for-years/index.php#|trust|trust_5a31431610572||12/13/2017 1:54:44 PM|click|Link: Download CSV|#
http://localhost/articles/the-solar-eclipse-is-over-but-scientists-will-be-studying-it-for-years/index.php#|trust|trust_5a31431610572||12/13/2017 2:32:05 PM|Page View|The-Solar-Eclipse-is-Over,-But-Scientists-Will-Be-Studying-It-For-Years|Loaded
http://localhost/articles/the-solar-eclipse-is-over-but-scientists-will-be-studying-it-for-years/index.php#|trust|trust_5a31431610572||12/13/2017 2:32:55 PM|Page View|The-Solar-Eclipse-is-Over,-But-Scientists-Will-Be-Studying-It-For-Years|Loaded
http://localhost/articles/the-solar-eclipse-is-over-but-scientists-will-be-studying-it-for-years/index.php#|trust|trust_5a31431610572||12/13/2017 2:32:58 PM|Page View|The-Solar-Eclipse-is-Over,-But-Scientists-Will-Be-Studying-It-For-Years|Loaded
http://localhost/articles/the-solar-eclipse-is-over-but-scientists-will-be-studying-it-for-years/index.php#|trust|trust_5a31431610572||12/13/2017 2:33:52 PM|Page View|The-Solar-Eclipse-is-Over,-But-Scientists-Will-Be-Studying-It-For-Years|Loaded
http://localhost/articles/the-solar-eclipse-is-over-but-scientists-will-be-studying-it-for-years/index.php#|trust|trust_5a31431610572||12/13/2017 2:33:54 PM|Page View|The-Solar-Eclipse-is-Over,-But-Scientists-Will-Be-Studying-It-For-Years|Loaded
http://localhost/articles/the-solar-eclipse-is-over-but-scientists-will-be-studying-it-for-years/index.php#|trust|trust_5a31431610572||12/13/2017 2:34:09 PM|Page View|The-Solar-Eclipse-is-Over,-But-Scientists-Will-Be-Studying-It-For-Years|Loaded
http://localhost/articles/the-solar-eclipse-is-over-but-scientists-will-be-studying-it-for-years/index.php#|trust|trust_5a31431610572||12/13/2017 2:34:09 PM|Page View|The-Solar-Eclipse-is-Over,-But-Scientists-Will-Be-Studying-It-For-Years|Loaded
http://localhost/articles/the-solar-eclipse-is-over-but-scientists-will-be-studying-it-for-years/index.php#|trust|trust_5a31431610572||12/13/2017 2:35:43 PM|Page View|The-Solar-Eclipse-is-Over,-But-Scientists-Will-Be-Studying-It-For-Years|Loaded
http://localhost/articles/the-solar-eclipse-is-over-but-scientists-will-be-studying-it-for-years/index.php#|trust|trust_5a31431610572||12/13/2017 2:35:45 PM|Page View|The-Solar-Eclipse-is-Over,-But-Scientists-Will-Be-Studying-It-For-Years|Loaded
http://localhost/articles/the-solar-eclipse-is-over-but-scientists-will-be-studying-it-for-years/index.php#|trust|trust_5a31431610572||12/13/2017 2:35:58 PM|Page View|The-Solar-Eclipse-is-Over,-But-Scientists-Will-Be-Studying-It-For-Years|Loaded
http://localhost/articles/the-solar-eclipse-is-over-but-scientists-will-be-studying-it-for-years/index.php#|trust|trust_5a31431610572||12/13/2017 2:37:42 PM|Page View|The-Solar-Eclipse-is-Over,-But-Scientists-Will-Be-Studying-It-For-Years|Loaded
http://localhost/articles/the-solar-eclipse-is-over-but-scientists-will-be-studying-it-for-years/index.php#|trust|trust_5a31431610572||12/13/2017 3:01:34 PM|click|Link: Download CSV|#
http://localhost/articles/the-solar-eclipse-is-over-but-scientists-will-be-studying-it-for-years/index.php#|trust|trust_5a31431610572||12/13/2017 3:07:00 PM|Page View|The-Solar-Eclipse-is-Over,-But-Scientists-Will-Be-Studying-It-For-Years|Loaded
http://localhost/articles/the-solar-eclipse-is-over-but-scientists-will-be-studying-it-for-years/index.php#|trust|trust_5a31431610572||12/13/2017 3:07:03 PM|Page View|The-Solar-Eclipse-is-Over,-But-Scientists-Will-Be-Studying-It-For-Years|Loaded
http://localhost/articles/the-solar-eclipse-is-over-but-scientists-will-be-studying-it-for-years/index.php#|trust|trust_5a31431610572||12/13/2017 3:07:26 PM|Page View|The-Solar-Eclipse-is-Over,-But-Scientists-Will-Be-Studying-It-For-Years|Loaded
http://localhost/articles/the-solar-eclipse-is-over-but-scientists-will-be-studying-it-for-years/index.php#|trust|trust_5a31431610572||12/13/2017 3:07:33 PM|click|Link: Download CSV|#
http://localhost/articles/the-solar-eclipse-is-over-but-scientists-will-be-studying-it-for-years/index.php#|trust|trust_5a31431610572||12/13/2017 3:18:10 PM|Page View|The-Solar-Eclipse-is-Over,-But-Scientists-Will-Be-Studying-It-For-Years|Loaded
http://localhost/articles/the-solar-eclipse-is-over-but-scientists-will-be-studying-it-for-years/index.php#|trust|trust_5a31431610572||12/13/2017 3:19:34 PM|Page View|The-Solar-Eclipse-is-Over,-But-Scientists-Will-Be-Studying-It-For-Years|Loaded
http://localhost/articles/the-solar-eclipse-is-over-but-scientists-will-be-studying-it-for-years/index.php#|trust|trust_5a31431610572||12/13/2017 3:19:45 PM|Page View|The-Solar-Eclipse-is-Over,-But-Scientists-Will-Be-Studying-It-For-Years|Loaded
http://localhost/articles/the-solar-eclipse-is-over-but-scientists-will-be-studying-it-for-years/index.php#|trust|trust_5a31431610572||12/13/2017 3:22:42 PM|Page View|The-Solar-Eclipse-is-Over,-But-Scientists-Will-Be-Studying-It-For-Years|Loaded
http://localhost/articles/the-solar-eclipse-is-over-but-scientists-will-be-studying-it-for-years/index.php#|trust|trust_5a31431610572||12/13/2017 3:23:19 PM|Page View|The-Solar-Eclipse-is-Over,-But-Scientists-Will-Be-Studying-It-For-Years|Loaded
http://localhost/articles/the-solar-eclipse-is-over-but-scientists-will-be-studying-it-for-years/index.php#|trust|trust_5a31431610572||12/13/2017 3:23:21 PM|Page View|The-Solar-Eclipse-is-Over,-But-Scientists-Will-Be-Studying-It-For-Years|Loaded
http://localhost/articles/the-solar-eclipse-is-over-but-scientists-will-be-studying-it-for-years/index.php#|trust|trust_5a31431610572||12/13/2017 3:23:35 PM|Page View|The-Solar-Eclipse-is-Over,-But-Scientists-Will-Be-Studying-It-For-Years|Loaded
http://localhost/articles/the-solar-eclipse-is-over-but-scientists-will-be-studying-it-for-years/index.php#|trust|trust_5a31431610572||12/13/2017 3:24:58 PM|Page View|The-Solar-Eclipse-is-Over,-But-Scientists-Will-Be-Studying-It-For-Years|Loaded
http://localhost/articles/the-solar-eclipse-is-over-but-scientists-will-be-studying-it-for-years/index.php#|trust|trust_5a31431610572||12/13/2017 3:25:00 PM|Page View|The-Solar-Eclipse-is-Over,-But-Scientists-Will-Be-Studying-It-For-Years|Loaded
http://localhost/articles/the-solar-eclipse-is-over-but-scientists-will-be-studying-it-for-years/index.php#|trust|trust_5a31431610572||12/13/2017 3:26:44 PM|Page View|The-Solar-Eclipse-is-Over,-But-Scientists-Will-Be-Studying-It-For-Years|Loaded
http://localhost/articles/the-solar-eclipse-is-over-but-scientists-will-be-studying-it-for-years/index.php#|trust|trust_5a31431610572||12/13/2017 3:27:03 PM|Page View|The-Solar-Eclipse-is-Over,-But-Scientists-Will-Be-Studying-It-For-Years|Loaded
http://localhost/articles/the-solar-eclipse-is-over-but-scientists-will-be-studying-it-for-years/index.php|trust|trust_5a31431610572||12/13/2017 3:33:43 PM|Page View|The-Solar-Eclipse-is-Over,-But-Scientists-Will-Be-Studying-It-For-Years|Loaded
http://localhost/articles/the-solar-eclipse-is-over-but-scientists-will-be-studying-it-for-years/index.php|trust|trust_5a31431610572||12/13/2017 3:33:49 PM|Page View|The-Solar-Eclipse-is-Over,-But-Scientists-Will-Be-Studying-It-For-Years|Loaded
http://localhost/articles/the-solar-eclipse-is-over-but-scientists-will-be-studying-it-for-years/index.php|trust|trust_5a31431610572||12/13/2017 3:33:59 PM|Page View|The-Solar-Eclipse-is-Over,-But-Scientists-Will-Be-Studying-It-For-Years|Loaded
http://localhost/articles/the-solar-eclipse-is-over-but-scientists-will-be-studying-it-for-years/index.php|trust|trust_5a31431610572||12/13/2017 3:35:32 PM|Page View|The-Solar-Eclipse-is-Over,-But-Scientists-Will-Be-Studying-It-For-Years|Loaded
http://localhost/articles/the-solar-eclipse-is-over-but-scientists-will-be-studying-it-for-years/index.php|trust|trust_5a31431610572||12/13/2017 3:35:33 PM|Page View|The-Solar-Eclipse-is-Over,-But-Scientists-Will-Be-Studying-It-For-Years|Loaded
http://localhost/articles/the-solar-eclipse-is-over-but-scientists-will-be-studying-it-for-years/index.php|trust|trust_5a31431610572||12/13/2017 3:35:49 PM|click|Link: Download CSV|#
http://localhost/articles/the-solar-eclipse-is-over-but-scientists-will-be-studying-it-for-years/index.php#|trust|trust_5a31431610572||12/13/2017 3:43:25 PM|click|Link: Download CSV|#
http://localhost/articles/the-solar-eclipse-is-over-but-scientists-will-be-studying-it-for-years/index.php#|trust|trust_5a31431610572||12/13/2017 3:44:02 PM|Page View|The-Solar-Eclipse-is-Over,-But-Scientists-Will-Be-Studying-It-For-Years|Loaded
http://localhost/articles/the-solar-eclipse-is-over-but-scientists-will-be-studying-it-for-years/index.php#|trust|trust_5a31431610572||12/13/2017 3:44:03 PM|click|Link: Download CSV|#
http://localhost/articles/the-solar-eclipse-is-over-but-scientists-will-be-studying-it-for-years/index.php#|trust|trust_5a31431610572||12/13/2017 3:44:22 PM|Page View|The-Solar-Eclipse-is-Over,-But-Scientists-Will-Be-Studying-It-For-Years|Loaded
http://localhost/articles/the-solar-eclipse-is-over-but-scientists-will-be-studying-it-for-years/index.php#|trust|trust_5a31431610572||12/13/2017 3:55:02 PM|click|Link: Download CSV|#
http://localhost/articles/the-solar-eclipse-is-over-but-scientists-will-be-studying-it-for-years/index.php#|trust|trust_5a31431610572||12/13/2017 3:59:59 PM|Page View|The-Solar-Eclipse-is-Over,-But-Scientists-Will-Be-Studying-It-For-Years|Loaded
http://localhost/articles/the-solar-eclipse-is-over-but-scientists-will-be-studying-it-for-years/index.php#|trust|trust_5a31431610572||12/13/2017 4:00:24 PM|Page View|The-Solar-Eclipse-is-Over,-But-Scientists-Will-Be-Studying-It-For-Years|Loaded
http://localhost/articles/the-solar-eclipse-is-over-but-scientists-will-be-studying-it-for-years/index.php#|trust|trust_5a31431610572||12/13/2017 4:00:25 PM|Page View|The-Solar-Eclipse-is-Over,-But-Scientists-Will-Be-Studying-It-For-Years|Loaded
http://localhost/articles/the-solar-eclipse-is-over-but-scientists-will-be-studying-it-for-years/index.php#|trust|trust_5a31431610572||12/13/2017 4:02:16 PM|Page View|The-Solar-Eclipse-is-Over,-But-Scientists-Will-Be-Studying-It-For-Years|Loaded
http://localhost/articles/the-solar-eclipse-is-over-but-scientists-will-be-studying-it-for-years/index.php#|trust|trust_5a31431610572||12/13/2017 4:02:18 PM|Page View|The-Solar-Eclipse-is-Over,-But-Scientists-Will-Be-Studying-It-For-Years|Loaded
http://localhost:8888/articles/the-solar-eclipse-is-over-but-scientists-will-be-studying-it-for-years/index.php|trust|trust_5a4e50195c5a5||01/04/2018 12:04:24 PM|Page View|The-Solar-Eclipse-is-Over,-But-Scientists-Will-Be-Studying-It-For-Years|Loaded
http://localhost:8888/articles/the-solar-eclipse-is-over-but-scientists-will-be-studying-it-for-years/index.php|trust|trust_5a4e50195c5a5||01/04/2018 12:10:21 PM|click|Link: Download CSV|#
http://localhost:8888/articles/the-solar-eclipse-is-over-but-scientists-will-be-studying-it-for-years/index.php#|trust|trust_5a4e50195c5a5||01/04/2018 12:20:09 PM|Page View|The-Solar-Eclipse-is-Over,-But-Scientists-Will-Be-Studying-It-For-Years|Loaded
http://localhost:8888/articles/the-solar-eclipse-is-over-but-scientists-will-be-studying-it-for-years/index.php#|trust|trust_5a4e50195c5a5||01/04/2018 12:20:29 PM|click|Link: Download CSV|#
http://localhost:8888/articles/the-solar-eclipse-is-over-but-scientists-will-be-studying-it-for-years/index.php#|trust|trust_5a4e50195c5a5||01/04/2018 12:27:14 PM|Page View|The-Solar-Eclipse-is-Over,-But-Scientists-Will-Be-Studying-It-For-Years|Loaded
http://localhost:8888/articles/the-solar-eclipse-is-over-but-scientists-will-be-studying-it-for-years/index.php#|trust|trust_5a4e50195c5a5||01/04/2018 12:27:15 PM|click|Link: Download CSV|#
http://localhost:8888/articles/the-solar-eclipse-is-over-but-scientists-will-be-studying-it-for-years/index.php#|trust|trust_5a4e50195c5a5||01/04/2018 12:27:28 PM|Page View|The-Solar-Eclipse-is-Over,-But-Scientists-Will-Be-Studying-It-For-Years|Loaded
http://localhost:8888/articles/the-solar-eclipse-is-over-but-scientists-will-be-studying-it-for-years/index.php#|trust|trust_5a4e50195c5a5||01/04/2018 12:27:32 PM|click|Link: Download CSV|#
http://localhost:8888/articles/the-solar-eclipse-is-over-but-scientists-will-be-studying-it-for-years/index.php#|trust|trust_5a4e50195c5a5||01/04/2018 12:32:02 PM|Page View|The-Solar-Eclipse-is-Over,-But-Scientists-Will-Be-Studying-It-For-Years|Loaded
http://localhost:8888/articles/the-solar-eclipse-is-over-but-scientists-will-be-studying-it-for-years/index.php#|trust|trust_5a4e50195c5a5||01/04/2018 12:32:10 PM|click|Link: Download CSV|#
http://localhost:8888/articles/the-solar-eclipse-is-over-but-scientists-will-be-studying-it-for-years/index.php#|trust|trust_5a4e50195c5a5||01/04/2018 12:34:28 PM|Page View|The-Solar-Eclipse-is-Over,-But-Scientists-Will-Be-Studying-It-For-Years|Loaded
http://localhost:8888/articles/the-solar-eclipse-is-over-but-scientists-will-be-studying-it-for-years/index.php#|trust|trust_5a4e50195c5a5||01/04/2018 12:34:41 PM|Page View|The-Solar-Eclipse-is-Over,-But-Scientists-Will-Be-Studying-It-For-Years|Loaded
http://localhost:8888/articles/the-solar-eclipse-is-over-but-scientists-will-be-studying-it-for-years/index.php#|trust|trust_5a4e50195c5a5||01/04/2018 12:47:33 PM|Page View|The-Solar-Eclipse-is-Over,-But-Scientists-Will-Be-Studying-It-For-Years|Loaded
http://localhost:8888/articles/the-solar-eclipse-is-over-but-scientists-will-be-studying-it-for-years/index.php#|trust|trust_5a4e50195c5a5||01/04/2018 12:47:34 PM|click|Link: Download CSV|#
http://localhost:8888/articles/the-solar-eclipse-is-over-but-scientists-will-be-studying-it-for-years/index.php#|trust|trust_5a4e50195c5a5||01/04/2018 12:47:54 PM|click|Link: Download CSV|#
http://localhost:8888/articles/the-solar-eclipse-is-over-but-scientists-will-be-studying-it-for-years/index.php#|trust|trust_5a4e50195c5a5||01/04/2018 12:57:45 PM|Page View|The-Solar-Eclipse-is-Over,-But-Scientists-Will-Be-Studying-It-For-Years|Loaded
http://localhost:8888/articles/the-solar-eclipse-is-over-but-scientists-will-be-studying-it-for-years/index.php#|trust|trust_5a4e50195c5a5||01/04/2018 12:57:55 PM|Page View|The-Solar-Eclipse-is-Over,-But-Scientists-Will-Be-Studying-It-For-Years|Loaded
http://localhost:8888/articles/the-solar-eclipse-is-over-but-scientists-will-be-studying-it-for-years/index.php|trust|trust_5a4e50195c5a5||01/04/2018 12:58:03 PM|Page View|The-Solar-Eclipse-is-Over,-But-Scientists-Will-Be-Studying-It-For-Years|Loaded
http://localhost:8888/articles/the-solar-eclipse-is-over-but-scientists-will-be-studying-it-for-years/index.php|trust|trust_5a4e50195c5a5||01/04/2018 12:58:04 PM|click|Link: Download CSV|#
http://localhost:8888/articles/the-solar-eclipse-is-over-but-scientists-will-be-studying-it-for-years/index.php#|trust|trust_5a4e50195c5a5||01/04/2018 12:58:08 PM|click|Link: Download CSV|#
http://localhost:8888/articles/the-solar-eclipse-is-over-but-scientists-will-be-studying-it-for-years/index.php#|trust|trust_5a4e50195c5a5||01/04/2018 12:59:01 PM|Page View|The-Solar-Eclipse-is-Over,-But-Scientists-Will-Be-Studying-It-For-Years|Loaded
http://localhost:8888/articles/the-solar-eclipse-is-over-but-scientists-will-be-studying-it-for-years/index.php#|trust|trust_5a4e50195c5a5||01/04/2018 1:01:52 PM|Page View|The-Solar-Eclipse-is-Over,-But-Scientists-Will-Be-Studying-It-For-Years|Loaded
http://localhost:8888/articles/the-solar-eclipse-is-over-but-scientists-will-be-studying-it-for-years/index.php#|trust|trust_5a4e50195c5a5||01/04/2018 1:39:16 PM|Page View|The-Solar-Eclipse-is-Over,-But-Scientists-Will-Be-Studying-It-For-Years|Loaded
